AAPL_balance-sheet_Annual_As_Originally_Reported,2020,2021,2022,2023,2024
Total Assets,323888000000.0,351002000000.0,352755000000.0,352583000000.0,364980000000.0
    Total Current Assets,143713000000.0,134836000000.0,135405000000.0,143566000000.0,152987000000.0
"        Cash, Cash Equivalents and Short Term Investments",90943000000.0,62639000000.0,48304000000.0,61555000000.0,65171000000.0
            Cash and Cash Equivalents,38016000000.0,34940000000.0,23646000000.0,29965000000.0,29943000000.0
                Cash,17773000000.0,17305000000.0,18546000000.0,28359000000.0,27199000000.0
                Cash Equivalents,20243000000.0,17635000000.0,5100000000.0,1606000000.0,2744000000.0
            Short Term Investments,52927000000.0,27699000000.0,24658000000.0,31590000000.0,35228000000.0
                Other Short Term Investments,52927000000.0,27699000000.0,24658000000.0,31590000000.0,35228000000.0
        Inventories,4061000000.0,6580000000.0,4946000000.0,6331000000.0,7286000000.0
"        Trade and Other Receivables, Current",37445000000.0,51506000000.0,60932000000.0,60985000000.0,66243000000.0
"            Trade/Accounts Receivable, Current",16120000000.0,26278000000.0,28184000000.0,29508000000.0,33410000000.0
"                Gross Trade/Accounts Receivable, Current",,,,,
"                Allowance/Adjustments for Trade/Accounts Receivable, Current",,,,,
"            Other Receivables, Current",21325000000.0,25228000000.0,32748000000.0,31477000000.0,32833000000.0
        Other Current Assets,11264000000.0,14111000000.0,21223000000.0,14695000000.0,14287000000.0
"        Deferred Tax Assets, Current",,,,,
    Total Non-Current Assets,180175000000.0,216166000000.0,217350000000.0,209017000000.0,211993000000.0
"        Net Property, Plant and Equipment",45336000000.0,49527000000.0,52534000000.0,54376000000.0,45680000000.0
"            Gross Property, Plant and Equipment",112096000000.0,119810000000.0,124874000000.0,125260000000.0,119128000000.0
                Properties,28235000000.0,31064000000.0,33397000000.0,36285000000.0,38923000000.0
                    Land and Improvements,17952000000.0,20041000000.0,22126000000.0,23446000000.0,24690000000.0
                    Leasehold and Improvements,10283000000.0,11023000000.0,11271000000.0,12839000000.0,14233000000.0
"                Machinery, Furniture and Equipment",75291000000.0,78659000000.0,81060000000.0,78314000000.0,80205000000.0
                    Plant and Machinery,75291000000.0,78659000000.0,81060000000.0,78314000000.0,80205000000.0
"                Leased Property, Plant and Equipment",8570000000.0,10087000000.0,10417000000.0,10661000000.0,
            Accumulated Depreciation and Impairment,-66760000000.0,-70283000000.0,-72340000000.0,-70884000000.0,-73448000000.0
                Accumulated Depreciation,-66760000000.0,-70283000000.0,-72340000000.0,-70884000000.0,-73448000000.0
        Total Long Term Investments,100887000000.0,127877000000.0,120805000000.0,100544000000.0,91479000000.0
"            Investment in Financial Assets, Non-Current",,,120805000000.0,100544000000.0,91479000000.0
"                Other Financial Assets, Non-Current",,,120805000000.0,100544000000.0,91479000000.0
"            Other Investments, Non-Current",100887000000.0,127877000000.0,,,
"        Deferred Tax Assets, Non-Current",,,,17852000000.0,19499000000.0
        Other Non-Current Assets,33952000000.0,38762000000.0,44011000000.0,36245000000.0,55335000000.0
        Net Intangible Assets,,,,,
            Gross Goodwill and Other Intangible Assets,,,,,
                Goodwill,,,,,
                Intangibles other than Goodwill,,,,,
                    Trademarks and Patents,,,,,
                    Other Intangible Assets,,,,,
            Accumulated Amortization and Impairment,,,,,
                Accumulated Amortization of Intangible Assets,,,,,
                    Accumulated Amortization of Intangibles other than Goodwill,,,,,
                        Accumulated Amortization of Other Intangible Assets,,,,,
                        Accumulated Amortization of Trademarks and Patents,,,,,
Total Liabilities,258549000000.0,287912000000.0,302083000000.0,290437000000.0,308030000000.0
    Total Current Liabilities,105392000000.0,125481000000.0,153982000000.0,145308000000.0,176392000000.0
"        Payables and Accrued Expenses, Current",42296000000.0,54763000000.0,64115000000.0,71430000000.0,95561000000.0
"            Trade and Other Payables, Current",42296000000.0,54763000000.0,64115000000.0,71430000000.0,95561000000.0
"                Trade/Accounts Payable, Current",42296000000.0,54763000000.0,64115000000.0,62611000000.0,68960000000.0
"                Taxes Payable, Current",,,,8819000000.0,26601000000.0
"            Accrued Expenses, Current",,,,,
"        Financial Liabilities, Current",15229000000.0,17141000000.0,22773000000.0,17382000000.0,20879000000.0
            Current Debt and Capital Lease Obligation,15229000000.0,17141000000.0,22773000000.0,17382000000.0,20879000000.0
                Current Debt,4996000000.0,6000000000.0,9982000000.0,5985000000.0,9967000000.0
                    Commercial Paper,4996000000.0,6000000000.0,9982000000.0,5985000000.0,9967000000.0
                Current Portion of Long Term Debt and Capital Lease,10233000000.0,11141000000.0,12791000000.0,11397000000.0,10912000000.0
                    Current Portion of Long Term Debt,8773000000.0,9613000000.0,11128000000.0,9822000000.0,10912000000.0
                        Other Current Portion of LT Debt,,9613000000.0,11128000000.0,9822000000.0,10912000000.0
"                        Bank/Institutional Loans, Current Portion of LT Debt",8773000000.0,,,,
"                    Capital Lease Obligations, Current",1460000000.0,1528000000.0,1663000000.0,1575000000.0,
"        Deferred Liabilities, Current",6643000000.0,7612000000.0,7912000000.0,8061000000.0,8249000000.0
"            Deferred Income/Customer Advances/Billings in Excess of Cost, Current",6643000000.0,7612000000.0,7912000000.0,8061000000.0,8249000000.0
        Other Current Liabilities,41224000000.0,45965000000.0,59182000000.0,48435000000.0,51703000000.0
    Total Non-Current Liabilities,153157000000.0,162431000000.0,148101000000.0,145129000000.0,131638000000.0
"        Financial Liabilities, Non-Current",107049000000.0,119381000000.0,109707000000.0,106548000000.0,85750000000.0
            Long Term Debt and Capital Lease Obligation,107049000000.0,119381000000.0,109707000000.0,106548000000.0,85750000000.0
                Long Term Debt,98667000000.0,109106000000.0,98959000000.0,95281000000.0,85750000000.0
"                    Notes Payables, Non-Current",,109106000000.0,98959000000.0,95281000000.0,85750000000.0
"                    Bank/Institutional Loans, Non-Current",98667000000.0,,,,
"                Capital Lease Obligations, Non-Current",8382000000.0,10275000000.0,10748000000.0,11267000000.0,
"        Payables and Accrued Expenses, Non-Current",28170000000.0,24689000000.0,16657000000.0,15457000000.0,9254000000.0
"            Trade and Other Payables, Non-Current",28170000000.0,24689000000.0,16657000000.0,15457000000.0,9254000000.0
"                Taxes Payable, Non-Current",28170000000.0,24689000000.0,16657000000.0,15457000000.0,9254000000.0
        Other Non-Current Liabilities,17938000000.0,18361000000.0,21737000000.0,23124000000.0,36634000000.0
"        Tax Liabilities, Non-Current",,,,,
"            Deferred Tax Liabilities, Non-Current",,,,,
"        Deferred Liabilities, Non-Current",,,,,
"            Deferred Income/Customer Advances/Billings in Excess of Cost, Non-Current",,,,,
Total Equity,65339000000.0,63090000000.0,50672000000.0,62146000000.0,56950000000.0
    Equity Attributable to Parent Stockholders,65339000000.0,63090000000.0,50672000000.0,62146000000.0,56950000000.0
        Paid in Capital,50779000000.0,57365000000.0,64849000000.0,73812000000.0,83276000000.0
            Capital Stock,50779000000.0,57365000000.0,64849000000.0,73812000000.0,83276000000.0
        Retained Earnings/Accumulated Deficit,14966000000.0,5562000000.0,-3068000000.0,-214000000.0,-19154000000.0
        Reserves/Accumulated Comprehensive Income/Losses,-406000000.0,163000000.0,-11109000000.0,-11452000000.0,-7172000000.0
            Other Reserves/Accum.Comp.Inc,-406000000.0,163000000.0,-11109000000.0,-11452000000.0,-7172000000.0
Debt Maturity Schedule Total,112436000000.0,124719000000.0,120069000000.0,111088000000.0,
    Debt due in Year 1,13746000000.0,15583000000.0,21121000000.0,15928000000.0,
    Debt due in Year 2,9569000000.0,11391000000.0,9910000000.0,10775000000.0,
    Debt due in Year 3,11389000000.0,10202000000.0,10645000000.0,12265000000.0,
    Debt due in Year 4,10115000000.0,10914000000.0,11209000000.0,9786000000.0,
    Debt due in Year 5,10914000000.0,11408000000.0,9631000000.0,7800000000.0,
    Debt due Beyond,55341000000.0,64565000000.0,59290000000.0,56003000000.0,
    Debt - Interests Charges and Other Adjustments,1362000000.0,656000000.0,-1737000000.0,-1469000000.0,
Capital Lease Obligation Maturity Schedule Total,661000000.0,848000000.0,941000000.0,1024000000.0,
    Capital Lease due in Year 1,43000000.0,104000000.0,155000000.0,196000000.0,
    Capital Lease due in Year 2,43000000.0,123000000.0,130000000.0,151000000.0,
    Capital Lease due in Year 3,54000000.0,99000000.0,81000000.0,120000000.0,
    Capital Lease due in Year 4,30000000.0,46000000.0,48000000.0,52000000.0,
    Capital Lease due in Year 5,25000000.0,26000000.0,34000000.0,34000000.0,
    Capital Lease due Beyond,895000000.0,868000000.0,906000000.0,872000000.0,
    Capital Lease - Interests Charges and Other Adjustments,-429000000.0,-418000000.0,-413000000.0,-401000000.0,
Operating Lease Obligation Maturity Schedule Total,9181000000.0,10955000000.0,11470000000.0,11818000000.0,
    Operating Lease due in Year 1,1493000000.0,1629000000.0,1758000000.0,1719000000.0,
    Operating Lease due in Year 2,1461000000.0,1560000000.0,1742000000.0,1875000000.0,
    Operating Lease due in Year 3,1317000000.0,1499000000.0,1677000000.0,1732000000.0,
    Operating Lease due in Year 4,1068000000.0,1251000000.0,1382000000.0,1351000000.0,
    Operating Lease due Beyond,960000000.0,1061000000.0,1143000000.0,1181000000.0,
    Operating Lease - Interests Charges and Other Adjustments,3845000000.0,5187000000.0,5080000000.0,5983000000.0,
    Operating Lease - Interests Charges and Other Adjustments,-963000000.0,-1232000000.0,-1312000000.0,-2023000000.0,
Total Lease Liability,9842000000.0,11803000000.0,12411000000.0,12842000000.0,
    Total Lease Liability - Due in year 1,1536000000.0,1733000000.0,1913000000.0,1915000000.0,
    Total Lease Liability - Due in year 2,1504000000.0,1683000000.0,1872000000.0,2026000000.0,
    Total Lease Liability - Due in year 3,1371000000.0,1598000000.0,1758000000.0,1852000000.0,
    Total Lease Liability - Due in year 4,1098000000.0,1297000000.0,1430000000.0,1403000000.0,
    Total Lease Liability - Due in year 5,985000000.0,1087000000.0,1177000000.0,1215000000.0,
    Total Lease Liability - Beyond,4740000000.0,6055000000.0,5986000000.0,6855000000.0,
    Total Lease Liability - Interest Charges and Other Adjustments,-1392000000.0,-1650000000.0,-1725000000.0,-2424000000.0,
Total Contractual Obligations,211258000000.0,136522000000.0,132480000000.0,123930000000.0,
    Total Contractual Obligations due in year 1,70954000000.0,17316000000.0,23034000000.0,17843000000.0,
    Total Contractual Obligations due in year 2,11073000000.0,13074000000.0,11782000000.0,12801000000.0,
    Total Contractual Obligations due in year 3,23268000000.0,11800000000.0,12403000000.0,14117000000.0,
    Total Contractual Obligations due in year 4,11213000000.0,12211000000.0,12639000000.0,11189000000.0,
    Total Contractual Obligations due in year 5,25315000000.0,12495000000.0,10808000000.0,9015000000.0,
    Total Contractual Obligations due Beyond,69465000000.0,70620000000.0,65276000000.0,62858000000.0,
    Total Contractual Obligations - Interests Charges and Other Adjustments,-30000000.0,-994000000.0,-3462000000.0,-3893000000.0,
Other Contractual Obligations Maturity Schedule Total,88980000000.0,,,,
    Other Contractual Obligations due in Year 1,55672000000.0,,,,
    Other Contractual Obligations due in Year 3,10508000000.0,,,,
    Other Contractual Obligations due in Year 5,13416000000.0,,,,
    Other Contractual Obligations due Beyond,9384000000.0,,,,
Fiscal year ends in Sep 30 | USD,,,,,
